<?xml version="1.0" encoding="UTF-8"?>
<project-private xmlns="http://www.netbeans.org/ns/project-private/1">
    <editor-bookmarks xmlns="http://www.netbeans.org/ns/editor-bookmarks/2" lastBookmarkId="0"/>
    <open-files xmlns="http://www.netbeans.org/ns/projectui-open-files/2">
        <group>
            <file>file:/C:/Users/RezaPurnama/Documents/GitHub/JAVA/vsys/uebung4/src/Server/Client.java</file>
            <file>file:/C:/Users/RezaPurnama/Documents/GitHub/JAVA/vsys/uebung4/src/Server/Server.java</file>
            <file>file:/C:/Users/RezaPurnama/Documents/GitHub/JAVA/vsys/uebung4/src/Server/main.java</file>
            <file>file:/C:/Users/RezaPurnama/Documents/GitHub/JAVA/vsys/uebung4/src/Person/Wohnort.java</file>
        </group>
    </open-files>
</project-private>
